ts_micro,frame_index,wheel
0,0,0
0,1,0
0,2,0
0,3,0
0,4,0
0,5,0
0,6,0
0,7,0
0,8,0
0,9,0
0,10,0
0,11,0
0,12,0
0,13,0
0,14,0
0,15,0
0,16,0
0,17,0
0,18,0
0,19,0
0,20,0
0,21,0
0,22,0
0,23,0
0,24,0
0,25,0
0,26,0
0,27,0
0,28,0
0,29,0
0,30,0
0,31,0
0,32,0
0,33,0
0,34,0
0,35,0
0,36,0
0,37,0
0,38,0
0,39,0
0,40,0
0,41,0
0,42,0
0,43,0
0,44,0
0,45,0
0,46,0
0,47,0
0,48,-0
0,49,-0
0,50,-0
0,51,-0
0,52,-0
0,53,-2
0,54,-2
0,55,-3
0,56,-3
0,57,-3
0,58,-3
0,59,-4
0,60,-4
0,61,-4
0,62,-4
0,63,-4
0,64,-4
0,65,-4
0,66,-4
0,67,-3
0,68,-3
0,69,-3
0,70,-3
0,71,-3
0,72,-3
0,73,-3
0,74,-3
0,75,-3
0,76,-3
0,77,-3
0,78,-3
0,79,-3
0,80,-3
0,81,-3
0,82,-3
0,83,-3
0,84,-2
0,85,-2
0,86,-2
0,87,-2
0,88,-2
0,89,-2
0,90,-2
0,91,-2
0,92,-2
0,93,-2
0,94,-2
0,95,-2
0,96,-2
0,97,-2
0,98,-1
0,99,-1
0,100,-1
0,101,-1
0,102,-1
0,103,-1
0,104,-1
0,105,-1
0,106,-1
0,107,-1
0,108,-1
0,109,-1
0,110,-1
0,111,-1
0,112,-1
0,113,-1
0,114,-1
0,115,-1
0,116,-1
0,117,-1
0,118,-0
0,119,-0
0,120,0
0,121,0
0,122,0
0,123,0
0,124,0
0,125,0
0,126,0
0,127,0
0,128,0
0,129,0
0,130,0
0,131,0
0,132,0
0,133,0
0,134,0
0,135,0
0,136,0
0,137,0
0,138,0
0,139,0
0,140,0
0,141,0
0,142,0
0,143,0
0,144,0
0,145,0
0,146,0
0,147,0
0,148,0
0,149,0
0,150,0
0,151,0
0,152,0
0,153,0
0,154,0
0,155,0
0,156,0
0,157,0
0,158,1
0,159,1
0,160,1
0,161,1
0,162,1
0,163,1
0,164,1
0,165,2
0,166,2
0,167,2
0,168,3
0,169,3
0,170,3
0,171,3
0,172,3
0,173,2
0,174,2
0,175,2
0,176,1
0,177,1
0,178,0
0,179,0
0,180,0
0,181,0
0,182,0
0,183,0
0,184,-0
0,185,-0
0,186,-0
0,187,0
0,188,0
0,189,0
0,190,0
0,191,0
0,192,0
0,193,0
0,194,-0
0,195,-0
0,196,-0
0,197,-0
0,198,-0
0,199,-0
0,200,-0
0,201,-0
0,202,-0
0,203,-0
0,204,-0
0,205,-0
0,206,-0
0,207,-0
0,208,-0
0,209,-0
0,210,-0
0,211,-0
0,212,-0
0,213,-0
0,214,-0
0,215,-0
0,216,-0
0,217,-0
0,218,-1
0,219,-1
0,220,-1
0,221,-1
0,222,-1
0,223,-1
0,224,-1
0,225,-1
0,226,-3
0,227,-3
0,228,-3
0,229,-3
0,230,-3
0,231,-3
0,232,-3
0,233,-3
0,234,-3
0,235,-3
0,236,-2
0,237,-2
0,238,-2
0,239,-2
0,240,-1
0,241,-1
0,242,-1
0,243,-1
0,244,-1
0,245,-0
0,246,-0
0,247,-0
0,248,-0
0,249,-0
0,250,-0
0,251,-0
0,252,-0
0,253,-0
0,254,-0
0,255,-0
0,256,-0
0,257,-1
0,258,-1
0,259,-1
0,260,-1
0,261,-1
0,262,-2
0,263,-2
0,264,-2
0,265,-2
0,266,-2
0,267,-2
0,268,-2
0,269,-2
0,270,-2
0,271,-2
0,272,-2
0,273,-2
0,274,-2
0,275,-2
0,276,-2
0,277,-2
0,278,-1
0,279,-1
0,280,-1
0,281,-1
0,282,-1
0,283,-0
0,284,-0
0,285,-0
0,286,-0
0,287,-0
0,288,-0
0,289,-0
0,290,-0
0,291,-0
0,292,-0
0,293,-0
0,294,-0
0,295,-0
0,296,-0
0,297,-1
0,298,-1
0,299,-1
0,300,-1
0,301,-1
0,302,-1
0,303,-1
0,304,-1
0,305,-1
0,306,-1
0,307,-1
0,308,-1
0,309,-1
0,310,-1
0,311,-1
0,312,-1
0,313,-1
0,314,-1
0,315,-1
0,316,-1
0,317,-1
0,318,-1
0,319,-1
0,320,-1
0,321,-1
0,322,-1
0,323,-1
0,324,-1
0,325,-1
0,326,-1
0,327,-1
0,328,-1
0,329,-1
0,330,-1
0,331,-1
0,332,-1
0,333,-1
0,334,-1
0,335,-1
0,336,-1
0,337,-1
0,338,-1
0,339,-1
0,340,-1
0,341,-1
0,342,-1
0,343,-0
0,344,-0
0,345,-0
0,346,-0
0,347,-0
0,348,-0
0,349,-0
0,350,-0
0,351,-0
0,352,-0
0,353,-0
0,354,-0
0,355,-0
0,356,-0
0,357,-0
0,358,-0
0,359,-0
0,360,-0
0,361,-0
0,362,-0
0,363,-0
0,364,-0
0,365,-0
0,366,-0
0,367,-0
0,368,-0
0,369,-0
0,370,-0
0,371,-0
0,372,-0
0,373,-0
0,374,-0
0,375,-0
0,376,-0
0,377,-0
0,378,-0
0,379,-0
0,380,-0
0,381,-0
0,382,-0
0,383,-0
0,384,-0
0,385,-0
0,386,-0
0,387,-0
0,388,-0
0,389,-0
0,390,-0
0,391,-0
0,392,-0
0,393,-0
0,394,-0
0,395,-0
0,396,-0
0,397,-0
0,398,-0
0,399,-0
0,400,-0
0,401,-0
0,402,-0
0,403,-0
0,404,-0
0,405,-0
0,406,-0
0,407,-0
0,408,-0
0,409,-0
0,410,-0
0,411,-0
0,412,-0
0,413,-1
0,414,-1
0,415,-1
0,416,-1
0,417,-1
0,418,-1
0,419,-1
0,420,-1
0,421,-1
0,422,-1
0,423,-1
0,424,-1
0,425,-1
0,426,-1
0,427,-1
0,428,-1
0,429,-1
0,430,-1
0,431,-2
0,432,-2
0,433,-2
0,434,-2
0,435,-2
0,436,-2
0,437,-2
0,438,-2
0,439,-2
0,440,-2
0,441,-2
0,442,-2
0,443,-2
0,444,-2
0,445,-2
0,446,-2
0,447,-2
0,448,-2
0,449,-2
0,450,-1
0,451,-1
0,452,-1
0,453,-1
0,454,-1
0,455,-1
0,456,-1
0,457,-1
0,458,-1
0,459,-1
0,460,-1
0,461,-1
0,462,-1
0,463,-1
0,464,-0
0,465,-0
0,466,-0
0,467,-0
0,468,-0
0,469,-0
0,470,-0
0,471,-0
0,472,-0
0,473,-1
0,474,-1
0,475,-1
0,476,-1
0,477,-1
0,478,-1
0,479,-1
0,480,-1
0,481,-1
0,482,-1
0,483,-1
0,484,-1
0,485,-1
0,486,-1
0,487,-1
0,488,-1
0,489,-1
0,490,-1
0,491,-1
0,492,-1
0,493,-1
0,494,-1
0,495,-1
0,496,-1
0,497,-1
0,498,-1
0,499,-1
0,500,-1
0,501,-1
0,502,-1
0,503,-1
0,504,-1
0,505,-1
0,506,-1
0,507,-1
0,508,-1
0,509,-1
0,510,-1
0,511,-1
0,512,-1
0,513,-1
0,514,-1
0,515,-1
0,516,-1
0,517,-1
0,518,-1
0,519,-1
0,520,-1
0,521,-1
0,522,-1
0,523,-1
0,524,-1
0,525,-1
0,526,-1
0,527,-2
0,528,-2
0,529,-2
0,530,-2
0,531,-2
0,532,-2
0,533,-2
0,534,-2
0,535,-2
0,536,-2
0,537,-2
0,538,-2
0,539,-2
0,540,-2
0,541,-2
0,542,-2
0,543,-2
0,544,-2
0,545,-2
0,546,-2
0,547,-2
0,548,-1
0,549,-1
0,550,-1
0,551,-1
0,552,-1
0,553,-1
0,554,-1
0,555,-1
0,556,-1
0,557,-0
0,558,-0
0,559,-0
0,560,-0
0,561,-0
0,562,-0
0,563,-0
0,564,-0
0,565,-0
0,566,-0
0,567,-0
0,568,-0
0,569,-0
0,570,-0
0,571,-0
0,572,-0
0,573,-0
0,574,-0
0,575,-0
0,576,-0
0,577,-0
0,578,-0
0,579,-1
0,580,-1
0,581,-1
0,582,-1
0,583,-1
0,584,-1
0,585,-1
0,586,-1
0,587,-1
0,588,-1
0,589,-1
0,590,-1
0,591,-1
0,592,-1
0,593,-1
0,594,-1
0,595,-1
0,596,-1
0,597,-1
0,598,-1
0,599,-1
0,600,-1
0,601,-1
0,602,-1
0,603,-1
0,604,-1
0,605,-1
0,606,-1
0,607,-1
0,608,-1
0,609,-1
0,610,-1
0,611,-1
0,612,-1
0,613,-1
0,614,-1
0,615,-1
0,616,-1
0,617,-1
0,618,-1
0,619,-1
0,620,-1
0,621,-1
0,622,-1
0,623,-1
0,624,-1
0,625,-1
0,626,-1
0,627,-0
0,628,-0
0,629,-0
0,630,-0
0,631,-0
0,632,-0
0,633,-0
0,634,-0
0,635,-0
0,636,-0
0,637,-0
0,638,-0
0,639,-0
0,640,-0
0,641,-0
0,642,-0
0,643,-0
0,644,-0
0,645,-0
0,646,-0
0,647,-0
0,648,-0
0,649,-0
0,650,-0
0,651,-0
0,652,-0
0,653,0
0,654,0
0,655,0
0,656,-0
0,657,-0
0,658,-0
0,659,-0
0,660,-0
0,661,-0
0,662,-0
0,663,-0
0,664,-0
0,665,-0
0,666,-0
0,667,-0
0,668,-0
0,669,-0
0,670,-0
0,671,-0
0,672,-0
0,673,-0
0,674,-0
0,675,-0
0,676,-0
0,677,-0
0,678,-0
0,679,-0
0,680,-0
0,681,-0
0,682,-0
0,683,-0
0,684,-1
0,685,-1
0,686,-1
0,687,-1
0,688,-1
0,689,-1
0,690,-1
0,691,-1
0,692,-1
0,693,-2
0,694,-1
0,695,-1
0,696,-1
0,697,-0
0,698,-0
0,699,-0
0,700,-0
0,701,-0
0,702,-0
0,703,-0
0,704,-1
0,705,-1
0,706,-0
0,707,-0
0,708,-0
0,709,-0
0,710,-0
0,711,-0
0,712,-0
0,713,-0
0,714,-0
0,715,-0
0,716,-0
0,717,-0
0,718,-0
0,719,-0
0,720,-1
0,721,-1
0,722,-1
0,723,-1
0,724,-1
0,725,-1
0,726,-1
0,727,-1
0,728,-1
0,729,-1
0,730,-1
0,731,-1
0,732,-1
0,733,-1
0,734,-1
0,735,-1
0,736,-1
0,737,-1
0,738,-1
0,739,-1
0,740,-1
0,741,-1
0,742,-1
0,743,-1
0,744,-1
0,745,-1
0,746,-1
0,747,-1
0,748,-1
0,749,-1
0,750,-1
0,751,-1
0,752,-1
0,753,-1
0,754,-1
0,755,-1
0,756,-1
0,757,-1
0,758,-1
0,759,-1
0,760,-1
0,761,-1
0,762,-1
0,763,-1
0,764,-1
0,765,-1
0,766,-1
0,767,-1
0,768,-1
0,769,-1
0,770,-1
0,771,-1
0,772,-1
0,773,-1
0,774,-1
0,775,-1
0,776,-1
0,777,-1
0,778,-1
0,779,-1
0,780,-1
0,781,-1
0,782,-1
0,783,-1
0,784,-1
0,785,-1
0,786,-1
0,787,-1
0,788,-1
0,789,-0
0,790,-0
0,791,-0
0,792,-0
0,793,-0
0,794,0
0,795,0
0,796,1
0,797,1
0,798,1
0,799,2
0,800,2
0,801,3
0,802,3
0,803,3
0,804,3
0,805,3
0,806,3
0,807,3
0,808,3
0,809,3
0,810,3
0,811,3
0,812,3
0,813,3
0,814,3
0,815,4
0,816,4
0,817,4
0,818,4
0,819,4
0,820,4
0,821,5
0,822,5
0,823,5
0,824,5
0,825,6
0,826,6
0,827,6
0,828,6
0,829,6
0,830,6
0,831,6
0,832,6
0,833,6
0,834,6
0,835,7
0,836,7
0,837,7
0,838,7
0,839,7
0,840,7
0,841,7
0,842,7
0,843,7
0,844,7
0,845,7
0,846,7
0,847,7
0,848,7
0,849,7
0,850,7
0,851,7
0,852,7
0,853,7
0,854,7
0,855,7
0,856,7
0,857,7
0,858,7
0,859,7
0,860,7
0,861,7
0,862,7
0,863,7
0,864,8
0,865,8
0,866,8
0,867,8
0,868,8
0,869,8
0,870,8
0,871,8
0,872,8
0,873,8
0,874,8
0,875,8
0,876,8
0,877,8
0,878,8
0,879,8
0,880,8
0,881,8
0,882,8
0,883,8
0,884,8
0,885,8
0,886,8
0,887,8
0,888,9
0,889,9
0,890,9
0,891,9
0,892,9
0,893,9
0,894,9
0,895,9
0,896,9
0,897,9
0,898,9
0,899,9
0,900,9
0,901,9
0,902,9
0,903,9
0,904,9
0,905,9
0,906,9
0,907,9
0,908,9
0,909,9
0,910,9
0,911,9
0,912,9
0,913,9
0,914,9
0,915,9
0,916,9
0,917,9
0,918,9
0,919,9
0,920,9
0,921,9
0,922,9
0,923,9
0,924,9
0,925,9
0,926,9
0,927,9
0,928,9
0,929,9
0,930,9
0,931,9
0,932,9
0,933,9
0,934,9
0,935,9
0,936,9
0,937,9
0,938,9
0,939,9
0,940,9
0,941,9
0,942,9
0,943,9
0,944,9
0,945,9
0,946,9
0,947,9
0,948,9
0,949,9
0,950,9
0,951,9
0,952,9
0,953,9
0,954,9
0,955,9
0,956,9
0,957,9
0,958,9
0,959,9
0,960,9
0,961,9
0,962,9
0,963,9
0,964,8
0,965,8
0,966,8
0,967,8
0,968,8
0,969,8
0,970,8
0,971,7
0,972,7
0,973,7
0,974,6
0,975,6
0,976,6
0,977,5
0,978,5
0,979,5
0,980,5
0,981,4
0,982,4
0,983,4
0,984,3
0,985,3
0,986,3
0,987,3
0,988,2
0,989,2
0,990,2
0,991,2
0,992,2
0,993,2
0,994,2
0,995,2
0,996,2
0,997,2
0,998,2
0,999,2
0,1000,1
0,1001,1
0,1002,1
0,1003,1
0,1004,1
0,1005,1
0,1006,1
0,1007,1
0,1008,1
0,1009,1
0,1010,1
0,1011,1
0,1012,1
0,1013,1
0,1014,1
0,1015,1
0,1016,1
0,1017,1
0,1018,1
0,1019,1
0,1020,1
0,1021,1
0,1022,1
0,1023,1
0,1024,1
0,1025,1
0,1026,1
0,1027,1
0,1028,1
0,1029,1
0,1030,1
0,1031,1
0,1032,0
0,1033,0
0,1034,-0
0,1035,-0
0,1036,-0
0,1037,-1
0,1038,-1
0,1039,-1
0,1040,-1
0,1041,-1
0,1042,-1
0,1043,-1
0,1044,-1
0,1045,-1
0,1046,-2
0,1047,-2
0,1048,-2
0,1049,-2
0,1050,-2
0,1051,-2
0,1052,-2
0,1053,-1
0,1054,-1
0,1055,-1
0,1056,-1
0,1057,-1
0,1058,-1
0,1059,-1
0,1060,-1
0,1061,-1
0,1062,-1
0,1063,-1
0,1064,-1
0,1065,-1
0,1066,-1
0,1067,-1
0,1068,-1
0,1069,-1
0,1070,-2
0,1071,-2
0,1072,-2
0,1073,-2
0,1074,-2
0,1075,-2
0,1076,-2
0,1077,-2
0,1078,-2
0,1079,-2
0,1080,-2
0,1081,-2
0,1082,-2
0,1083,-2
0,1084,-2
0,1085,-2
0,1086,-2
0,1087,-2
0,1088,-2
0,1089,-2
0,1090,-2
0,1091,-1
0,1092,-1
0,1093,-0
0,1094,-0
0,1095,-0
0,1096,-0
0,1097,-0
0,1098,-0
0,1099,-0
0,1100,-0
0,1101,0
0,1102,0
0,1103,0
0,1104,0
0,1105,0
0,1106,0
0,1107,0
0,1108,-0
0,1109,-0
0,1110,-1
0,1111,-1
0,1112,-1
0,1113,-1
0,1114,-1
0,1115,-1
0,1116,-1
0,1117,-1
0,1118,-1
0,1119,-1
0,1120,-1
0,1121,-1
0,1122,-1
0,1123,-1
0,1124,-1
0,1125,-1
0,1126,-1
0,1127,-2
0,1128,-2
0,1129,-2
0,1130,-2
0,1131,-2
0,1132,-2
0,1133,-2
0,1134,-2
0,1135,-2
0,1136,-2
0,1137,-2
0,1138,-2
0,1139,-2
0,1140,-2
0,1141,-2
0,1142,-2
0,1143,-2
0,1144,-2
0,1145,-2
0,1146,-2
0,1147,-2
0,1148,-2
0,1149,-2
0,1150,-2
0,1151,-1
0,1152,-1
0,1153,-1
0,1154,-1
0,1155,-1
0,1156,-1
0,1157,-1
0,1158,-1
0,1159,-1
0,1160,-1
0,1161,-1
0,1162,-1
0,1163,-1
0,1164,-1
0,1165,-1
0,1166,-1
0,1167,-1
0,1168,-1
0,1169,-1
0,1170,-1
0,1171,-1
0,1172,-1
0,1173,-1
0,1174,-1
0,1175,-1
0,1176,-1
0,1177,-1
0,1178,-1
0,1179,-1
0,1180,-1
0,1181,-1
0,1182,-0
0,1183,-0
0,1184,-0
0,1185,-0
0,1186,-0
0,1187,-0
0,1188,-0
0,1189,-0
0,1190,-0
0,1191,-0
0,1192,-0
0,1193,-0
0,1194,-0
0,1195,-0
0,1196,-0
0,1197,-0
0,1198,-0
0,1199,-0
0,1200,-0
0,1201,-0
0,1202,-0
0,1203,-0
0,1204,-1
0,1205,-1
0,1206,-1
0,1207,-1
0,1208,-1
0,1209,-1
0,1210,-1
0,1211,-1
0,1212,-1
0,1213,-1
0,1214,-1
0,1215,-1
0,1216,-1
0,1217,-1
0,1218,-1
0,1219,-1
0,1220,-1
0,1221,-1
0,1222,-1
0,1223,-1
0,1224,-1
0,1225,-1
0,1226,-1
0,1227,-1
0,1228,-1
0,1229,-1
0,1230,-1
0,1231,-1
0,1232,-1
0,1233,-1
0,1234,-1
0,1235,-1
0,1236,-1
0,1237,-1
0,1238,-1
0,1239,-1
0,1240,-1
0,1241,-1
0,1242,-1
0,1243,-1
0,1244,-1
0,1245,-1
0,1246,-1
0,1247,-1
0,1248,-1
0,1249,-1
0,1250,-1
0,1251,-1
0,1252,-1
0,1253,-1
0,1254,-1
0,1255,-1
0,1256,-1
0,1257,-1
0,1258,-1
0,1259,-1
0,1260,-1
0,1261,-1
0,1262,-1
0,1263,-1
0,1264,-1
0,1265,-1
0,1266,-1
0,1267,-1
0,1268,-1
0,1269,-1
0,1270,-1
0,1271,-1
0,1272,-1
0,1273,-1
0,1274,-1
0,1275,-1
0,1276,-1
0,1277,-1
0,1278,-1
0,1279,-1
0,1280,-1
0,1281,-1
0,1282,-1
0,1283,-1
0,1284,-1
0,1285,-1
0,1286,-1
0,1287,-1
0,1288,-1
0,1289,-1
0,1290,-1
0,1291,-1
0,1292,-1
0,1293,-1
0,1294,-1
0,1295,-1
0,1296,-1
0,1297,-1
0,1298,0
0,1299,0
0,1300,0
0,1301,0
0,1302,0
0,1303,0
0,1304,-0
0,1305,-0
0,1306,0
0,1307,0
0,1308,0
0,1309,-0
0,1310,-0
0,1311,-0
0,1312,-0
0,1313,-0
0,1314,0
0,1315,0
0,1316,0
0,1317,0
0,1318,0
0,1319,-0
0,1320,-0
0,1321,-0
0,1322,-0
0,1323,-0
0,1324,-0
0,1325,-0
0,1326,-0
0,1327,-0
0,1328,-0
0,1329,-0
0,1330,-0
0,1331,-0
0,1332,-0
0,1333,-0
0,1334,-0
0,1335,-0
0,1336,-0
0,1337,-0
0,1338,-0
0,1339,-0
0,1340,-0
0,1341,-0
0,1342,-0
0,1343,-0
0,1344,-0
0,1345,-0
0,1346,-0
0,1347,-0
0,1348,-0
0,1349,-0
0,1350,-0
0,1351,-0
0,1352,-0
0,1353,-0
0,1354,-0
0,1355,-0
0,1356,-0
0,1357,-0
0,1358,-0
0,1359,-0
0,1360,-0
0,1361,-0
0,1362,0
0,1363,0
0,1364,-0
0,1365,-0
0,1366,0
0,1367,0
0,1368,0
0,1369,0
0,1370,0
0,1371,0
0,1372,-1
0,1373,-1
0,1374,-1
0,1375,-1
0,1376,-1
0,1377,-1
0,1378,-1
0,1379,-1
0,1380,-1
0,1381,-1
0,1382,-1
0,1383,-2
0,1384,-2
0,1385,-2
0,1386,-2
0,1387,-2
0,1388,-2
0,1389,-2
0,1390,-2
0,1391,-2
0,1392,-2
0,1393,-2
0,1394,-2
0,1395,-2
0,1396,-2
0,1397,-2
0,1398,-2
0,1399,-2
0,1400,-2
0,1401,-2
0,1402,-2
0,1403,-2
0,1404,-2
0,1405,-2
0,1406,-2
0,1407,-2
0,1408,-2
0,1409,-2
0,1410,-2
0,1411,-2
0,1412,-2
0,1413,-2
0,1414,-1
0,1415,-1
0,1416,-1
0,1417,-1
0,1418,-1
0,1419,-1
0,1420,-1
0,1421,-1
0,1422,-1
0,1423,-1
0,1424,-1
0,1425,-1
0,1426,-1
0,1427,-1
0,1428,-1
0,1429,-1
0,1430,-1
0,1431,-0
0,1432,-0
0,1433,-0
0,1434,-0
0,1435,-0
0,1436,-0
0,1437,-0
0,1438,-0
0,1439,-0
0,1440,-0
0,1441,-0
0,1442,-0
0,1443,-0
0,1444,-0
0,1445,-0
0,1446,-0
0,1447,-0
0,1448,-0
0,1449,-0
0,1450,-0
0,1451,-0
0,1452,-0
0,1453,-0
0,1454,-0
0,1455,-0
0,1456,-0
0,1457,-0
0,1458,-0
0,1459,-0
0,1460,-0
0,1461,-0
0,1462,-0
0,1463,-0
0,1464,-0
0,1465,-0
0,1466,-0
0,1467,0
0,1468,0
0,1469,0
0,1470,1
0,1471,1
0,1472,1
0,1473,1
0,1474,1
0,1475,1
0,1476,2
0,1477,2
0,1478,2
0,1479,2
0,1480,2
0,1481,2
0,1482,2
0,1483,2
0,1484,2
0,1485,2
0,1486,3
0,1487,3
0,1488,3
0,1489,3
0,1490,3
0,1491,3
0,1492,3
0,1493,3
0,1494,3
0,1495,4
0,1496,4
0,1497,4
0,1498,4
0,1499,4
0,1500,4
0,1501,5
0,1502,5
0,1503,5
0,1504,5
0,1505,6
0,1506,6
0,1507,6
0,1508,6
0,1509,6
0,1510,6
0,1511,6
0,1512,6
0,1513,6
0,1514,7
0,1515,7
0,1516,7
0,1517,7
0,1518,7
0,1519,7
0,1520,7
0,1521,7
0,1522,7
0,1523,7
0,1524,7
0,1525,7
0,1526,7
0,1527,7
0,1528,7
0,1529,7
0,1530,7
0,1531,7
0,1532,7
0,1533,7
0,1534,7
0,1535,7
0,1536,7
0,1537,7
0,1538,7
0,1539,8
0,1540,8
0,1541,8
0,1542,8
0,1543,8
0,1544,8
0,1545,8
0,1546,8
0,1547,8
0,1548,8
0,1549,8
0,1550,8
0,1551,9
0,1552,9
0,1553,9
0,1554,9
0,1555,9
0,1556,9
0,1557,9
0,1558,9
0,1559,9
0,1560,9
0,1561,9
0,1562,9
0,1563,9
0,1564,9
0,1565,9
0,1566,9
0,1567,9
0,1568,9
0,1569,9
0,1570,9
0,1571,9
0,1572,9
0,1573,9
0,1574,9
0,1575,9
0,1576,9
0,1577,9
0,1578,9
0,1579,9
0,1580,9
0,1581,9
0,1582,9
0,1583,9
0,1584,9
0,1585,9
0,1586,9
0,1587,9
0,1588,9
0,1589,9
0,1590,9
0,1591,9
0,1592,9
0,1593,9
0,1594,9
0,1595,9
0,1596,8
0,1597,8
0,1598,8
0,1599,8
0,1600,8
0,1601,8
0,1602,8
0,1603,8
0,1604,8
0,1605,8
0,1606,8
0,1607,8
0,1608,8
0,1609,8
0,1610,8
0,1611,8
0,1612,8
0,1613,7
0,1614,7
0,1615,7
0,1616,7
0,1617,7
0,1618,7
0,1619,7
0,1620,7
0,1621,7
0,1622,7
0,1623,7
0,1624,7
0,1625,7
0,1626,7
0,1627,7
0,1628,7
0,1629,7
0,1630,7
0,1631,7
0,1632,7
0,1633,7
0,1634,7
0,1635,7
0,1636,7
0,1637,7
0,1638,7
0,1639,7
0,1640,7
0,1641,7
0,1642,7
0,1643,7
0,1644,7
0,1645,7
0,1646,7
0,1647,7
0,1648,7
0,1649,7
0,1650,7
0,1651,7
0,1652,7
0,1653,7
0,1654,7
0,1655,7
0,1656,7
0,1657,7
0,1658,7
0,1659,7
0,1660,6
0,1661,6
0,1662,6
0,1663,6
0,1664,6
0,1665,6
0,1666,5
0,1667,5
0,1668,4
0,1669,4
0,1670,4
0,1671,4
0,1672,3
0,1673,3
0,1674,3
0,1675,2
0,1676,2
0,1677,2
0,1678,2
0,1679,2
0,1680,2
0,1681,2
0,1682,1
0,1683,1
0,1684,1
0,1685,1
0,1686,1
0,1687,1
0,1688,1
0,1689,1
0,1690,1
0,1691,1
0,1692,1
0,1693,1
0,1694,-0
0,1695,-0
0,1696,-0
0,1697,-0
0,1698,-0
0,1699,-0
0,1700,-0
0,1701,-0
0,1702,-0
0,1703,-0
0,1704,0
0,1705,0
0,1706,0
0,1707,0
0,1708,0
0,1709,0
0,1710,0
0,1711,0
0,1712,0
0,1713,0
0,1714,0
0,1715,0
0,1716,-0
0,1717,-0
0,1718,-0
0,1719,-0
0,1720,1
0,1721,1
0,1722,1
0,1723,1
0,1724,1
0,1725,1
0,1726,1
0,1727,1
0,1728,2
0,1729,2
0,1730,2
0,1731,2
0,1732,2
0,1733,2
0,1734,2
0,1735,2
0,1736,2
0,1737,2
0,1738,2
0,1739,2
0,1740,1
0,1741,1
0,1742,1
0,1743,1
0,1744,-0
0,1745,-0
0,1746,-0
0,1747,-0
0,1748,-0
0,1749,-0
0,1750,-0
0,1751,-1
0,1752,-1
0,1753,-1
0,1754,-1
0,1755,-1
0,1756,0
0,1757,0
0,1758,0
0,1759,-0
0,1760,-0
0,1761,-1
0,1762,-1
0,1763,-1
0,1764,-1
0,1765,-1
0,1766,-1
0,1767,-1
0,1768,-1
0,1769,-2
0,1770,-2
0,1771,-2
0,1772,-2
0,1773,-2
0,1774,-2
0,1775,-2
0,1776,-2
0,1777,-2
0,1778,-2
0,1779,-2
0,1780,-2
0,1781,-2
0,1782,-2
0,1783,-2
0,1784,-2
0,1785,-2
0,1786,-2
0,1787,-2
0,1788,-2
0,1789,-2
0,1790,-3
0,1791,-3
0,1792,-2
0,1793,-2
0,1794,-2
0,1795,-2
0,1796,-2
0,1797,-2
0,1798,-2
0,1799,-2
0,1800,-2
0,1801,-2
0,1802,-2
0,1803,-2
0,1804,-2
0,1805,-2
0,1806,-2
0,1807,-2
0,1808,-2
0,1809,-2
0,1810,-2
0,1811,-2
0,1812,-2
0,1813,-2
0,1814,-2
0,1815,-2
0,1816,-2
0,1817,-2
0,1818,-2
0,1819,-2
0,1820,-2
0,1821,-2
0,1822,-2
0,1823,-2
0,1824,-2
0,1825,-2
0,1826,-2
0,1827,-2
0,1828,-2
0,1829,-2
0,1830,-2
0,1831,-2
0,1832,-2
0,1833,-2
0,1834,-2
0,1835,-1
0,1836,-1
0,1837,-1
0,1838,-1
0,1839,-1
0,1840,-1
0,1841,-1
0,1842,0
0,1843,0
0,1844,0
0,1845,-0
0,1846,-0
0,1847,0
0,1848,0
0,1849,-0
0,1850,-0
0,1851,-0
0,1852,-0
0,1853,-0
0,1854,-0
0,1855,-0
0,1856,-0
0,1857,-0
0,1858,-0
0,1859,0
0,1860,0
0,1861,-0
0,1862,-0
0,1863,-0
0,1864,-0
0,1865,-0
0,1866,-1
0,1867,-1
0,1868,-1
0,1869,-1
0,1870,-1
0,1871,-1
0,1872,-1
0,1873,-1
0,1874,-1
0,1875,-1
0,1876,-1
0,1877,-1
0,1878,-1
0,1879,-1
0,1880,-1
0,1881,-1
0,1882,-1
0,1883,-1
0,1884,-1
0,1885,-1
0,1886,-1
0,1887,-1
0,1888,-1
0,1889,-1
0,1890,-1
0,1891,-1
0,1892,-1
0,1893,-1
0,1894,-1
0,1895,-1
0,1896,-1
0,1897,-1
0,1898,-1
0,1899,-1
0,1900,-1
0,1901,-1
0,1902,-1
0,1903,-1
0,1904,-1
0,1905,-1
0,1906,-1
0,1907,-1
0,1908,-1
0,1909,-1
0,1910,-1
0,1911,-1
0,1912,-1
0,1913,-1
0,1914,-1
0,1915,-1
0,1916,-1
0,1917,-1
0,1918,-1
0,1919,-1
0,1920,-1
0,1921,0
0,1922,0
0,1923,-0
0,1924,-0
0,1925,-0
0,1926,-0
0,1927,-0
0,1928,-0
0,1929,-0
0,1930,-0
0,1931,-0
0,1932,-0
0,1933,-0
0,1934,-0
0,1935,-0
0,1936,-0
0,1937,-0
0,1938,-1
0,1939,-1
0,1940,-1
0,1941,-1
0,1942,-1
0,1943,-1
0,1944,-1
0,1945,-1
0,1946,-1
0,1947,-1
0,1948,-1
0,1949,-1
0,1950,-1
0,1951,-1
0,1952,-1
0,1953,-1
0,1954,-1
0,1955,-1
0,1956,-1
0,1957,-1
0,1958,-1
0,1959,-1
0,1960,-1
0,1961,-1
0,1962,-1
0,1963,-1
0,1964,-1
0,1965,-1
0,1966,-1
0,1967,-1
0,1968,-1
0,1969,-1
0,1970,-1
0,1971,-1
0,1972,-1
0,1973,-1
0,1974,-1
0,1975,-1
0,1976,-1
0,1977,-1
0,1978,-1
0,1979,-1
0,1980,-1
0,1981,-1
0,1982,-1
0,1983,-1
0,1984,-1
0,1985,-1
0,1986,-1
0,1987,-1
0,1988,-1
0,1989,-1
0,1990,-1
0,1991,-1
0,1992,-1
0,1993,-1
0,1994,-1
0,1995,-1
0,1996,-1
0,1997,-1
0,1998,-1
0,1999,-1
0,2000,-1
0,2001,-1
0,2002,-1
0,2003,-1
0,2004,-1
0,2005,-1
0,2006,-1
0,2007,-1
0,2008,-1
0,2009,-1
0,2010,-1
0,2011,-1
0,2012,-1
0,2013,-1
0,2014,-1
0,2015,-1
0,2016,-1
0,2017,-1
0,2018,-1
0,2019,-1
0,2020,-1
0,2021,-1
0,2022,-1
0,2023,-1
0,2024,-1
0,2025,-1
0,2026,-1
0,2027,-1
0,2028,-1
0,2029,-1
0,2030,-1
0,2031,-1
0,2032,-1
0,2033,-1
0,2034,-1
0,2035,-1
0,2036,-1
0,2037,-1
0,2038,-1
0,2039,-0
0,2040,-0
0,2041,-0
0,2042,-0
0,2043,-0
0,2044,-0
0,2045,-0
0,2046,-0
0,2047,-0
0,2048,-0
0,2049,-0
0,2050,-0
0,2051,-0
0,2052,-0
0,2053,-0
0,2054,-0
0,2055,-0
0,2056,-0
0,2057,-0
0,2058,-0
0,2059,-0
0,2060,-0
0,2061,-0
0,2062,-0
0,2063,-0
0,2064,-0
0,2065,-0
0,2066,-0
0,2067,-0
0,2068,-0
0,2069,-0
0,2070,-0
0,2071,-0
0,2072,-0
0,2073,-0
0,2074,-0
0,2075,-0
0,2076,-0
0,2077,-0
0,2078,-0
0,2079,-0
0,2080,-0
0,2081,-0
0,2082,-0
0,2083,-0
0,2084,-0
0,2085,-0
0,2086,-0
0,2087,-0
0,2088,0
0,2089,-0
0,2090,-0
0,2091,-0
0,2092,-0
0,2093,-0
0,2094,-0
0,2095,-0
0,2096,-0
0,2097,-0
0,2098,-0
0,2099,-0
0,2100,-0
0,2101,-0
0,2102,-0
0,2103,-0
0,2104,-0
0,2105,-0
0,2106,-0
0,2107,-0
0,2108,-0
0,2109,-0
0,2110,-0
0,2111,-0
0,2112,-0
0,2113,-0
0,2114,-1
0,2115,-1
0,2116,-1
0,2117,-1
0,2118,-1
0,2119,-1
0,2120,-1
0,2121,-1
0,2122,-1
0,2123,-1
0,2124,-1
0,2125,-1
0,2126,-1
0,2127,-1
0,2128,-1
0,2129,-1
0,2130,-1
0,2131,-1
0,2132,-1
0,2133,-1
0,2134,-1
0,2135,-1
0,2136,-1
0,2137,-1
0,2138,-1
0,2139,-1
0,2140,-1
0,2141,-1
0,2142,-1
0,2143,-1
0,2144,-1
0,2145,-1
0,2146,-1
0,2147,-1
0,2148,-1
0,2149,-1
0,2150,-1
0,2151,-1
0,2152,-1
0,2153,-1
0,2154,-1
0,2155,-1
0,2156,-1
0,2157,-1
0,2158,-1
0,2159,-1
0,2160,-1
0,2161,-1
0,2162,-1
0,2163,-1
0,2164,-1
0,2165,-1
0,2166,-1
0,2167,-1
0,2168,-1
0,2169,-1
0,2170,-1
0,2171,-1
0,2172,-1
0,2173,-1
0,2174,-1
0,2175,-1
0,2176,-1
0,2177,-1
0,2178,-1
0,2179,-1
0,2180,-1
0,2181,-1
0,2182,-1
0,2183,-1
0,2184,-1
0,2185,-1
0,2186,-1
0,2187,-1
0,2188,-1
0,2189,-1
0,2190,-1
0,2191,-1
0,2192,-1
0,2193,-1
0,2194,-1
0,2195,-1
0,2196,-1
0,2197,-1
0,2198,-1
0,2199,-1
0,2200,-1
0,2201,-1
0,2202,-1
0,2203,-1
0,2204,-1
0,2205,-1
0,2206,-1
0,2207,-1
0,2208,-1
0,2209,-1
0,2210,-1
0,2211,-1
0,2212,-1
0,2213,-1
0,2214,-1
0,2215,-1
0,2216,-1
0,2217,-1
0,2218,-1
0,2219,-1
0,2220,-1
0,2221,-1
0,2222,-1
0,2223,-1
0,2224,-1
0,2225,-1
0,2226,-1
0,2227,-1
0,2228,-1
0,2229,-1
0,2230,-1
0,2231,-1
0,2232,-1
0,2233,-1
0,2234,-1
0,2235,-1
0,2236,-1
0,2237,-1
0,2238,-1
0,2239,-1
0,2240,-1
0,2241,-1
0,2242,-1
0,2243,-1
0,2244,-1
0,2245,-1
0,2246,-1
0,2247,-1
0,2248,-1
0,2249,-1
0,2250,-1
0,2251,-1
0,2252,-1
0,2253,-1
0,2254,-1
0,2255,-1
0,2256,-1
0,2257,-1
0,2258,-1
0,2259,-1
0,2260,-1
0,2261,-1
0,2262,-1
0,2263,-1
0,2264,-1
0,2265,-1
0,2266,-1
0,2267,-1
0,2268,-1
0,2269,-1
0,2270,-1
0,2271,-1
0,2272,-1
0,2273,-1
0,2274,-1
0,2275,-1
0,2276,-1
0,2277,-1
0,2278,-1
0,2279,-1
0,2280,-1
0,2281,-1
0,2282,-1
0,2283,-1
0,2284,-1
0,2285,-1
0,2286,-1
0,2287,-1
0,2288,-1
0,2289,-1
0,2290,-1
0,2291,-1
0,2292,-1
0,2293,-1
0,2294,-1
0,2295,-1
0,2296,-1
0,2297,-1
0,2298,-1
0,2299,-1
0,2300,-1
0,2301,-1
0,2302,-1
0,2303,-1
0,2304,-1
0,2305,-1
0,2306,-1
0,2307,-1
0,2308,-1
0,2309,-1
0,2310,-1
0,2311,-1
0,2312,-1
0,2313,-1
0,2314,-1
0,2315,-1
0,2316,-1
0,2317,-1
0,2318,-1
0,2319,-1
0,2320,-1
0,2321,-1
0,2322,-1
0,2323,-1
0,2324,-1
0,2325,-1
0,2326,-1
0,2327,-1
0,2328,-1
0,2329,-1
0,2330,-1
0,2331,-1
0,2332,-1
0,2333,-1
0,2334,-1
0,2335,-1
0,2336,-1
0,2337,-1
0,2338,-1
0,2339,-1
0,2340,-1
0,2341,-1
0,2342,-1
0,2343,-1
0,2344,-1
0,2345,-1
0,2346,-1
0,2347,-1
0,2348,-1
0,2349,-1
0,2350,-1
0,2351,-1
0,2352,-1
0,2353,-1
0,2354,-1
0,2355,-1
0,2356,-1
0,2357,-1
0,2358,-1
0,2359,-1
0,2360,-1
0,2361,-1
0,2362,-1
0,2363,-1
0,2364,-1
0,2365,-1
0,2366,-1
0,2367,-0
0,2368,-0
0,2369,-0
0,2370,-0
0,2371,-0
0,2372,-0
0,2373,-0
0,2374,-0
0,2375,-0
0,2376,-1
0,2377,-1
0,2378,-1
0,2379,-1
0,2380,-1
0,2381,-1
0,2382,-1
0,2383,-1
0,2384,-1
0,2385,-1
0,2386,-1
0,2387,-1
0,2388,-1
0,2389,-1
0,2390,-1
0,2391,-1
0,2392,-1
0,2393,-1
0,2394,-1
0,2395,-1
0,2396,-1
0,2397,-1
0,2398,-1
0,2399,-1
0,2400,-1
0,2401,-1
0,2402,-1
0,2403,-1
0,2404,-1
0,2405,-1
0,2406,-1
0,2407,-1
0,2408,-1
0,2409,-1
0,2410,-1
0,2411,-1
0,2412,-1
0,2413,-1
0,2414,-1
0,2415,-1
0,2416,-1
0,2417,-1
0,2418,-1
0,2419,-1
0,2420,-1
0,2421,-1
0,2422,-1
0,2423,-1
0,2424,-1
0,2425,-1
0,2426,-1
0,2427,-1
0,2428,-2
0,2429,-2
0,2430,-2
0,2431,-2
0,2432,-2
0,2433,-2
0,2434,-2
0,2435,-2
0,2436,-2
0,2437,-2
0,2438,-2
0,2439,-2
0,2440,-2
0,2441,-2
0,2442,-2
0,2443,-2
0,2444,-2
0,2445,-2
0,2446,-2
0,2447,-2
0,2448,-2
0,2449,-2
0,2450,-2
0,2451,-2
0,2452,-2
0,2453,-2
0,2454,-2
0,2455,-2
0,2456,-2
0,2457,-2
0,2458,-2
0,2459,-2
0,2460,-2
0,2461,-2
0,2462,-2
0,2463,-2
0,2464,-2
0,2465,-2
0,2466,-2
0,2467,-2
0,2468,-2
0,2469,-2
0,2470,-2
0,2471,-2
0,2472,-2
0,2473,-2
0,2474,-1
0,2475,-1
0,2476,-1
0,2477,-1
0,2478,-1
0,2479,-1
0,2480,-1
0,2481,-1
0,2482,-1
0,2483,-1
0,2484,-1
0,2485,-1
0,2486,-1
0,2487,-1
0,2488,-1
0,2489,-1
0,2490,-1
0,2491,-1
0,2492,-1
0,2493,-1
0,2494,-1
0,2495,-1
0,2496,-1
0,2497,-1
0,2498,-1
0,2499,-1
0,2500,-1
0,2501,-1
0,2502,-1
0,2503,-1
0,2504,-1
0,2505,-1
0,2506,-1
0,2507,-1
0,2508,-1
0,2509,-1
0,2510,-1
0,2511,-1
0,2512,-1
0,2513,-1
0,2514,-1
0,2515,-1
0,2516,-1
0,2517,-1
0,2518,-1
0,2519,-1
0,2520,-1
0,2521,-0
0,2522,-0
0,2523,-0
0,2524,-0
0,2525,-0
0,2526,-0
0,2527,-0
0,2528,-0
0,2529,-0
0,2530,-0
0,2531,-0
0,2532,-0
0,2533,-0
0,2534,-0
0,2535,-0
0,2536,-0
0,2537,-0
0,2538,-0
0,2539,-0
0,2540,-0
0,2541,-0
0,2542,-0
0,2543,-0
0,2544,-0
0,2545,-0
0,2546,-0
0,2547,-0
0,2548,-0
0,2549,-0
0,2550,-0
0,2551,-0
0,2552,-0
0,2553,-0
0,2554,-0
0,2555,-0
0,2556,-0
0,2557,-0
0,2558,-0
0,2559,-0
0,2560,-0
0,2561,-0
0,2562,-0
0,2563,-0
0,2564,-0
0,2565,-0
0,2566,-0
0,2567,-0
0,2568,-0
0,2569,-0
0,2570,-0
0,2571,-0
0,2572,-0
0,2573,-0
0,2574,-0
0,2575,-0
0,2576,-0
0,2577,-0
0,2578,-0
0,2579,-0
0,2580,-0
0,2581,-0
0,2582,-0
0,2583,-0
0,2584,0
0,2585,0
0,2586,0
0,2587,0
0,2588,0
0,2589,0
0,2590,0
0,2591,0
0,2592,0
0,2593,0
0,2594,0
0,2595,0
0,2596,0
0,2597,0
0,2598,-0
0,2599,-0
0,2600,-0
0,2601,-0
0,2602,-0
0,2603,-0
0,2604,-0
0,2605,-0
0,2606,-0
0,2607,-0
0,2608,-0
0,2609,-0
0,2610,-0
0,2611,-0
0,2612,-0
0,2613,-0
0,2614,-0
0,2615,-0
0,2616,-0
0,2617,-0
0,2618,-0
0,2619,-0
0,2620,-0
0,2621,-0
0,2622,-0
0,2623,-0
0,2624,-0
0,2625,-0
0,2626,-0
0,2627,-0
0,2628,-0
0,2629,-0
0,2630,-0
0,2631,-0
0,2632,-0
0,2633,-0
0,2634,-0
0,2635,-0
0,2636,-0
0,2637,-0
0,2638,-0
0,2639,-0
0,2640,-0
0,2641,-0
0,2642,-0
0,2643,-0
0,2644,-0
0,2645,-0
0,2646,-0
0,2647,-0
0,2648,-0
0,2649,-0
0,2650,-0
0,2651,-0
0,2652,-0
0,2653,-0
0,2654,-0
0,2655,-0
0,2656,-0
0,2657,-0
0,2658,-0
0,2659,-0
0,2660,-0
0,2661,-0
0,2662,-0
0,2663,-0
0,2664,-0
0,2665,-0
0,2666,-0
0,2667,-0
0,2668,-0
0,2669,-0
0,2670,-0
0,2671,-0
0,2672,-0
0,2673,-0
0,2674,-0
0,2675,-0
0,2676,-0
0,2677,-0
0,2678,-0
0,2679,-0
0,2680,-0
0,2681,-0
0,2682,-0
0,2683,-1
0,2684,-1
0,2685,-1
0,2686,-1
0,2687,-1
0,2688,-1
0,2689,-1
0,2690,-1
0,2691,-1
0,2692,-1
0,2693,-1
0,2694,-1
0,2695,-1
0,2696,-1
0,2697,-1
0,2698,-1
0,2699,-1
0,2700,-1
0,2701,-1
0,2702,-1
0,2703,-1
0,2704,-1
0,2705,-1
0,2706,-0
0,2707,-0
0,2708,-0
0,2709,-0
0,2710,-0
0,2711,-0
0,2712,0
0,2713,0
0,2714,0
0,2715,0
0,2716,1
0,2717,1
0,2718,1
0,2719,1
0,2720,2
0,2721,2
0,2722,2
0,2723,3
0,2724,3
0,2725,4
0,2726,4
0,2727,4
0,2728,5
0,2729,5
0,2730,5
0,2731,5
0,2732,6
0,2733,6
0,2734,6
0,2735,6
0,2736,6
0,2737,6
0,2738,6
0,2739,8
0,2740,8
0,2741,8
0,2742,8
0,2743,8
0,2744,9
0,2745,9
0,2746,9
0,2747,9
0,2748,9
0,2749,9
0,2750,9
0,2751,9
0,2752,10
0,2753,10
0,2754,10
0,2755,10
0,2756,10
0,2757,10
0,2758,10
0,2759,10
0,2760,10
0,2761,10
0,2762,10
0,2763,11
0,2764,11
0,2765,11
0,2766,11
0,2767,11
0,2768,11
0,2769,11
0,2770,12
0,2771,12
0,2772,12
0,2773,12
0,2774,12
0,2775,12
0,2776,12
0,2777,12
0,2778,12
0,2779,12
0,2780,12
0,2781,12
0,2782,12
0,2783,12
0,2784,12
0,2785,11
0,2786,11
0,2787,11
0,2788,11
0,2789,11
0,2790,11
0,2791,10
0,2792,10
0,2793,10
0,2794,10
0,2795,10
0,2796,10
0,2797,10
0,2798,10
0,2799,10
0,2800,10
0,2801,10
0,2802,10
0,2803,10
0,2804,10
0,2805,10
0,2806,10
0,2807,10
0,2808,10
0,2809,9
0,2810,9
0,2811,9
0,2812,9
0,2813,9
0,2814,9
0,2815,9
0,2816,9
0,2817,9
0,2818,9
0,2819,9
0,2820,9
0,2821,9
0,2822,9
0,2823,9
0,2824,9
0,2825,9
0,2826,9
0,2827,9
0,2828,9
0,2829,9
0,2830,9
0,2831,9
0,2832,11
0,2833,11
0,2834,11
0,2835,12
0,2836,12
0,2837,12
0,2838,12
0,2839,12
0,2840,12
0,2841,12
0,2842,12
0,2843,13
0,2844,13
0,2845,13
0,2846,13
0,2847,13
0,2848,13
0,2849,14
0,2850,14
0,2851,14
0,2852,14
0,2853,14
0,2854,14
0,2855,14
0,2856,14
0,2857,15
0,2858,15
0,2859,15
0,2860,15
0,2861,15
0,2862,15
0,2863,15
0,2864,15
0,2865,15
0,2866,15
0,2867,15
0,2868,15
0,2869,15
0,2870,15
0,2871,14
0,2872,14
0,2873,14
0,2874,13
0,2875,13
0,2876,13
0,2877,13
0,2878,13
0,2879,12
0,2880,12
0,2881,12
0,2882,12
0,2883,12
0,2884,12
0,2885,12
0,2886,11
0,2887,11
0,2888,11
0,2889,11
0,2890,11
0,2891,11
0,2892,11
0,2893,11
0,2894,11
0,2895,10
0,2896,10
0,2897,10
0,2898,8
0,2899,8
0,2900,7
0,2901,7
0,2902,6
0,2903,6
0,2904,6
0,2905,4
0,2906,4
0,2907,4
0,2908,3
0,2909,3
0,2910,3
0,2911,3
0,2912,2
0,2913,2
0,2914,2
0,2915,2
0,2916,2
0,2917,1
0,2918,1
0,2919,1
0,2920,1
0,2921,1
0,2922,1
0,2923,1
0,2924,1
0,2925,1
0,2926,0
0,2927,0
0,2928,-0
0,2929,-0
0,2930,-0
0,2931,-0
0,2932,-0
0,2933,-0
0,2934,0
0,2935,0
0,2936,-1
0,2937,-1
0,2938,-1
0,2939,-1
0,2940,-1
0,2941,-2
0,2942,-2
0,2943,-3
0,2944,-3
0,2945,-4
0,2946,-4
0,2947,-4
0,2948,-5
0,2949,-5
0,2950,-6
0,2951,-6
0,2952,-6
0,2953,-7
0,2954,-7
0,2955,-9
0,2956,-9
0,2957,-9
0,2958,-10
0,2959,-10
0,2960,-10
0,2961,-10
0,2962,-12
0,2963,-12
0,2964,-12
0,2965,-12
0,2966,-12
0,2967,-12
0,2968,-12
0,2969,-11
0,2970,-11
0,2971,-11
0,2972,-10
0,2973,-10
0,2974,-9
0,2975,-9
0,2976,-9
0,2977,-9
0,2978,-9
0,2979,-9
0,2980,-9
0,2981,-9
0,2982,-9
0,2983,-9
0,2984,-9
0,2985,-9
0,2986,-10
0,2987,-10
0,2988,-10
0,2989,-10
0,2990,-10
0,2991,-10
0,2992,-11
0,2993,-11
0,2994,-11
0,2995,-11
0,2996,-11
0,2997,-11
0,2998,-11
0,2999,-11
0,3000,-11
0,3001,-11
0,3002,-11
0,3003,-11
0,3004,-11
0,3005,-9
0,3006,-9
0,3007,-8
0,3008,-8
0,3009,-8
0,3010,-8
0,3011,-8
0,3012,-8
0,3013,-8
0,3014,-8
0,3015,-8
0,3016,-8
0,3017,-8
0,3018,-7
0,3019,-8
0,3020,-8
0,3021,-8
0,3022,-9
0,3023,-9
0,3024,-10
0,3025,-10
0,3026,-10
0,3027,-11
0,3028,-11
0,3029,-12
0,3030,-12
0,3031,-13
0,3032,-13
0,3033,-13
0,3034,-13
0,3035,-13
0,3036,-13
0,3037,-13
0,3038,-13
0,3039,-13
0,3040,-13
0,3041,-13
0,3042,-13
0,3043,-13
0,3044,-13
0,3045,-13
0,3046,-13
0,3047,-13
0,3048,-13
0,3049,-13
0,3050,-12
0,3051,-12
0,3052,-12
0,3053,-12
0,3054,-12
0,3055,-12
0,3056,-12
0,3057,-12
0,3058,-12
0,3059,-12
0,3060,-12
0,3061,-12
0,3062,-11
0,3063,-11
0,3064,-11
0,3065,-11
0,3066,-11
0,3067,-10
0,3068,-10
0,3069,-10
0,3070,-9
0,3071,-9
0,3072,-7
0,3073,-7
0,3074,-6
0,3075,-6
0,3076,-6
0,3077,-5
0,3078,-5
0,3079,-3
0,3080,-3
0,3081,-3
0,3082,-1
0,3083,-1
0,3084,-0
0,3085,-0
0,3086,-0
0,3087,0
0,3088,0
0,3089,1
0,3090,1
0,3091,1
0,3092,3
0,3093,3
0,3094,4
0,3095,4
0,3096,5
0,3097,5
0,3098,5
0,3099,6
0,3100,6
0,3101,6
0,3102,6
0,3103,7
0,3104,7
0,3105,7
0,3106,7
0,3107,7
0,3108,7
0,3109,7
0,3110,7
0,3111,7
0,3112,7
0,3113,7
0,3114,7
0,3115,7
0,3116,7
0,3117,7
0,3118,6
0,3119,6
0,3120,5
0,3121,5
0,3122,4
0,3123,4
0,3124,4
0,3125,4
0,3126,4
0,3127,4
0,3128,4
0,3129,4
0,3130,4
0,3131,4
0,3132,5
0,3133,5
0,3134,6
0,3135,6
0,3136,6
0,3137,8
0,3138,8
0,3139,8
0,3140,8
0,3141,10
0,3142,10
0,3143,10
0,3144,11
0,3145,11
0,3146,12
0,3147,12
0,3148,12
0,3149,13
0,3150,13
0,3151,13
0,3152,13
0,3153,14
0,3154,14
0,3155,14
0,3156,14
0,3157,14
0,3158,13
0,3159,13
0,3160,13
0,3161,12
0,3162,12
0,3163,11
0,3164,11
0,3165,10
0,3166,10
0,3167,10
0,3168,9
0,3169,9
0,3170,9
0,3171,8
0,3172,8
0,3173,8
0,3174,8
0,3175,8
0,3176,8
0,3177,8
0,3178,8
0,3179,8
0,3180,8
0,3181,9
0,3182,10
0,3183,10
0,3184,10
0,3185,11
0,3186,11
0,3187,11
0,3188,11
0,3189,11
0,3190,12
0,3191,12
0,3192,12
0,3193,12
0,3194,12
0,3195,12
0,3196,12
0,3197,12
0,3198,12
0,3199,11
0,3200,11
0,3201,11
0,3202,11
0,3203,11
0,3204,9
0,3205,8
0,3206,8
0,3207,7
0,3208,7
0,3209,7
0,3210,7
0,3211,7
0,3212,6
0,3213,5
0,3214,5
0,3215,5
0,3216,4
0,3217,4
0,3218,4
0,3219,4
0,3220,3
0,3221,3
0,3222,3
0,3223,3
0,3224,3
0,3225,3
0,3226,3
0,3227,3
0,3228,2
0,3229,2
0,3230,2
0,3231,2
0,3232,2
0,3233,1
0,3234,1
0,3235,1
0,3236,1
0,3237,1
0,3238,1
0,3239,1
0,3240,1
0,3241,1
0,3242,1
0,3243,0
0,3244,0
0,3245,0
0,3246,0
0,3247,-0
0,3248,-0
0,3249,-0
0,3250,-0
0,3251,-0
0,3252,-0
0,3253,-0
0,3254,-0
0,3255,-0
0,3256,-0
0,3257,-1
0,3258,-1
0,3259,-1
0,3260,-1
0,3261,-2
0,3262,-2
0,3263,-3
0,3264,-3
0,3265,-3
0,3266,-4
0,3267,-4
0,3268,-6
0,3269,-6
0,3270,-6
0,3271,-7
0,3272,-7
0,3273,-8
0,3274,-8
0,3275,-8
0,3276,-9
0,3277,-9
0,3278,-9
0,3279,-9
0,3280,-10
0,3281,-10
0,3282,-10
0,3283,-10
0,3284,-10
0,3285,-11
0,3286,-11
0,3287,-11
0,3288,-11
0,3289,-11
0,3290,-11
0,3291,-11
0,3292,-11
0,3293,-11
0,3294,-11
0,3295,-12
0,3296,-12
0,3297,-12
0,3298,-14
0,3299,-14
0,3300,-14
0,3301,-14
0,3302,-14
0,3303,-14
0,3304,-14
0,3305,-15
0,3306,-15
0,3307,-15
0,3308,-15
0,3309,-14
0,3310,-14
0,3311,-13
0,3312,-13
0,3313,-12
0,3314,-12
0,3315,-12
0,3316,-12
0,3317,-12
0,3318,-12
0,3319,-12
0,3320,-12
0,3321,-12
0,3322,-12
0,3323,-12
0,3324,-12
0,3325,-12
0,3326,-12
0,3327,-12
0,3328,-12
0,3329,-12
0,3330,-11
0,3331,-11
0,3332,-11
0,3333,-10
0,3334,-10
0,3335,-10
0,3336,-9
0,3337,-9
0,3338,-9
0,3339,-9
0,3340,-8
0,3341,-8
0,3342,-8
0,3343,-8
0,3344,-8
0,3345,-8
0,3346,-8
0,3347,-8
0,3348,-8
0,3349,-8
0,3350,-8
0,3351,-8
0,3352,-8
0,3353,-8
0,3354,-8
0,3355,-8
0,3356,-8
0,3357,-8
0,3358,-8
0,3359,-8
0,3360,-8
0,3361,-8
0,3362,-8
0,3363,-8
0,3364,-7
0,3365,-7
0,3366,-7
0,3367,-7
0,3368,-7
0,3369,-5
0,3370,-5
0,3371,-4
0,3372,-4
0,3373,-4
0,3374,-4
0,3375,-4
0,3376,-4
0,3377,-4
0,3378,-4
0,3379,-4
0,3380,-4
0,3381,-4
0,3382,-4
0,3383,-4
0,3384,-4
0,3385,-4
0,3386,-4
0,3387,-4
0,3388,-4
0,3389,-4
0,3390,-4
0,3391,-5
0,3392,-5
0,3393,-6
0,3394,-8
0,3395,-10
0,3396,-10
0,3397,-10
0,3398,-10
0,3399,-10
0,3400,-7
0,3401,-7
0,3402,-6
0,3403,-6
0,3404,-6
0,3405,-5
0,3406,-5
0,3407,-5
0,3408,-4
0,3409,-3
0,3410,-3
0,3411,-3
0,3412,-3
0,3413,-3
0,3414,-2
0,3415,-2
0,3416,-2
0,3417,-2
0,3418,-1
0,3419,-0
0,3420,-0
0,3421,-0
0,3422,-0
0,3423,0
0,3424,0
0,3425,0
0,3426,1
0,3427,1
0,3428,1
0,3429,1
0,3430,1
0,3431,2
0,3432,2
0,3433,3
0,3434,3
0,3435,3
0,3436,3
0,3437,3
0,3438,4
0,3439,4
0,3440,4
0,3441,5
0,3442,5
0,3443,5
0,3444,6
0,3445,7
0,3446,7
0,3447,7
0,3448,8
0,3449,8
0,3450,8
0,3451,8
0,3452,8
0,3453,9
0,3454,9
0,3455,10
0,3456,10
0,3457,10
0,3458,10
0,3459,10
0,3460,11
0,3461,11
0,3462,11
0,3463,11
0,3464,11
0,3465,11
0,3466,11
0,3467,11
0,3468,11
0,3469,11
0,3470,11
0,3471,11
0,3472,11
0,3473,11
0,3474,12
0,3475,12
0,3476,12
0,3477,12
0,3478,12
0,3479,12
0,3480,12
0,3481,12
0,3482,12
0,3483,12
0,3484,12
0,3485,13
0,3486,14
0,3487,14
0,3488,14
0,3489,14
0,3490,15
0,3491,15
0,3492,15
0,3493,15
0,3494,15
0,3495,15
0,3496,15
0,3497,15
0,3498,15
0,3499,15
0,3500,15
0,3501,15
0,3502,14
0,3503,14
0,3504,14
0,3505,14
0,3506,14
0,3507,14
0,3508,14
0,3509,14
0,3510,14
0,3511,14
0,3512,14
0,3513,13
0,3514,13
0,3515,11
0,3516,11
0,3517,11
0,3518,10
0,3519,10
0,3520,10
0,3521,10
0,3522,9
0,3523,9
0,3524,9
0,3525,9
0,3526,9
0,3527,9
0,3528,9
0,3529,9
0,3530,9
0,3531,9
0,3532,9
0,3533,9
0,3534,9
0,3535,9
0,3536,9
0,3537,9
0,3538,9
0,3539,9
0,3540,9
0,3541,9
0,3542,9
0,3543,9
0,3544,9
0,3545,9
0,3546,9
0,3547,9
0,3548,9
0,3549,9
0,3550,9
0,3551,9
0,3552,9
0,3553,9
0,3554,9
0,3555,9
0,3556,9
0,3557,9
0,3558,9
0,3559,9
0,3560,9
0,3561,9
0,3562,9
0,3563,9
0,3564,9
0,3565,9
0,3566,9
0,3567,9
0,3568,9
0,3569,9
0,3570,9
0,3571,9
0,3572,9
0,3573,9
0,3574,9
0,3575,9
0,3576,9
0,3577,10
0,3578,10
0,3579,11
0,3580,11
0,3581,11
0,3582,12
0,3583,12
0,3584,12
0,3585,13
0,3586,13
0,3587,13
0,3588,13
0,3589,13
0,3590,13
0,3591,13
0,3592,13
0,3593,14
0,3594,14
0,3595,14
0,3596,13
0,3597,13
0,3598,13
0,3599,13
0,3600,13
0,3601,12
0,3602,12
0,3603,11
0,3604,11
0,3605,10
0,3606,10
0,3607,10
0,3608,9
0,3609,9
0,3610,9
0,3611,9
0,3612,8
0,3613,8
0,3614,8
0,3615,8
0,3616,7
0,3617,7
0,3618,6
0,3619,6
0,3620,5
0,3621,5
0,3622,4
0,3623,4
0,3624,4
0,3625,3
0,3626,3
0,3627,3
0,3628,3
0,3629,2
0,3630,2
0,3631,2
0,3632,2
0,3633,2
0,3634,2
0,3635,2
0,3636,2
0,3637,2
0,3638,2
0,3639,1
0,3640,1
0,3641,1
0,3642,1
0,3643,1
0,3644,1
0,3645,1
0,3646,0
0,3647,0
0,3648,0
0,3649,-0
0,3650,-0
0,3651,-0
0,3652,-1
0,3653,-1
0,3654,-1
0,3655,-1
0,3656,-1
0,3657,-1
0,3658,-2
0,3659,-2
0,3660,-2
0,3661,-2
0,3662,-2
0,3663,-2
0,3664,-2
0,3665,-2
0,3666,-2
0,3667,-2
0,3668,-2
0,3669,-2
0,3670,-2
0,3671,-3
0,3672,-3
0,3673,-3
0,3674,-3
0,3675,-3
0,3676,-3
0,3677,-3
0,3678,-3
0,3679,-3
0,3680,-2
0,3681,-2
0,3682,-2
0,3683,-2
0,3684,-2
0,3685,-2
0,3686,-2
0,3687,-1
0,3688,-1
0,3689,-1
0,3690,-1
0,3691,-1
0,3692,-1
0,3693,-1
0,3694,-1
0,3695,-1
0,3696,-1
0,3697,-1
0,3698,-1
0,3699,-1
0,3700,-1
0,3701,-1
0,3702,-1
0,3703,-1
0,3704,-1
0,3705,-1
0,3706,-1
0,3707,-1
0,3708,-2
0,3709,-2
0,3710,-2
0,3711,-2
0,3712,-2
0,3713,-2
0,3714,-2
0,3715,-2
0,3716,-2
0,3717,-2
0,3718,-2
0,3719,-2
0,3720,-2
0,3721,-2
0,3722,-2
0,3723,-2
0,3724,-2
0,3725,-2
0,3726,-2
0,3727,-2
0,3728,-2
0,3729,-2
0,3730,-2
0,3731,-2
0,3732,-2
0,3733,-2
0,3734,-2
0,3735,-2
0,3736,-2
0,3737,-2
0,3738,-2
0,3739,-1
0,3740,-1
0,3741,-1
0,3742,-1
0,3743,-1
0,3744,-1
0,3745,-1
0,3746,-1
0,3747,-0
0,3748,-0
0,3749,-0
0,3750,-0
0,3751,0
0,3752,0
0,3753,0
0,3754,0
0,3755,0
0,3756,0
0,3757,0
0,3758,0
0,3759,0
0,3760,0
0,3761,0
0,3762,0
0,3763,-0
0,3764,-0
0,3765,0
0,3766,0
0,3767,0
0,3768,0
0,3769,0
0,3770,0
0,3771,1
0,3772,1
0,3773,1
0,3774,1
0,3775,1
0,3776,1
0,3777,1
0,3778,1
0,3779,1
0,3780,1
0,3781,1
0,3782,1
0,3783,1
0,3784,1
0,3785,1
0,3786,1
0,3787,1
0,3788,1
0,3789,1
0,3790,-0
0,3791,-0
0,3792,-0
0,3793,-0
0,3794,0
0,3795,0
0,3796,0
0,3797,-0
0,3798,-0
0,3799,-0
0,3800,-0
0,3801,0
0,3802,0
0,3803,0
0,3804,-0
0,3805,-0
0,3806,0
0,3807,0
0,3808,0
0,3809,0
0,3810,0
0,3811,0
0,3812,0
0,3813,0
0,3814,0
0,3815,0
0,3816,0
0,3817,0
0,3818,0
0,3819,0
0,3820,0
0,3821,0
0,3822,0
0,3823,0
0,3824,0
0,3825,0
0,3826,0
0,3827,0
0,3828,-0
0,3829,-0
0,3830,-1
0,3831,-1
0,3832,-1
0,3833,-1
0,3834,-1
0,3835,-1
0,3836,-1
0,3837,-2
0,3838,-2
0,3839,-2
0,3840,-2
0,3841,-2
0,3842,-2
0,3843,-2
0,3844,-2
0,3845,-2
0,3846,-2
0,3847,-2
0,3848,-2
0,3849,-2
0,3850,-2
0,3851,-2
0,3852,-2
0,3853,-2
0,3854,-2
0,3855,-2
0,3856,-1
0,3857,-1
0,3858,-1
0,3859,-1
0,3860,-1
0,3861,-1
0,3862,-1
0,3863,-1
0,3864,-1
0,3865,-1
0,3866,-1
0,3867,-1
0,3868,-1
0,3869,-1
0,3870,-1
0,3871,-1
